src,num_for,num_while,num_if,num_funcs,num_brackets,loc,ptype,resolved_path
convolution.cpp,4,0,0,10,7,30,stencil,test_prog/convolution.cpp
matmul.cpp,3,0,0,10,5,26,compute,test_prog/matmul.cpp
pointer_chase.cpp,4,0,0,12,4,34,memory,test_prog/pointer_chase.cpp
sort_big.cpp,3,0,0,15,1,30,sort,test_prog/sort_big.cpp
string_parse.cpp,3,0,4,27,0,43,text,test_prog/string_parse.cpp
binary_search.cpp,3,0,1,16,3,44,unknown,test_prog/binary_search.cpp
branch_classifier.cpp,2,0,9,19,2,69,unknown,test_prog/branch_classifier.cpp
fibbonacci_recursion.cpp,0,0,1,10,0,25,unknown,test_prog/fibbonacci_recursion.cpp
prefix_sum.cpp,1,0,0,7,7,26,unknown,test_prog/prefix_sum.cpp
sieve_primes.cpp,3,0,2,10,5,32,unknown,test_prog/sieve_primes.cpp
transpose.cpp,5,0,0,11,4,36,unknown,test_prog/transpose.cpp
